Date,Close,Date,Close,Date,Close,Date,Close,Date,Close
1/2/19 16:00,62.47,1/2/19 16:00,157.92,1/2/19 16:00,96.27,1/2/19 16:00,99.31,1/2/19 16:00,8.05
1/3/19 16:00,58.76,1/3/19 16:00,142.19,1/3/19 16:00,92.87,1/3/19 16:00,97.11,1/3/19 16:00,8.06
1/4/19 16:00,62.51,1/4/19 16:00,148.26,1/4/19 16:00,96.9,1/4/19 16:00,100.69,1/4/19 16:00,8.23
1/7/19 16:00,65.15,1/7/19 16:00,147.93,1/7/19 16:00,98.03,1/7/19 16:00,100.76,1/7/19 16:00,8.74
1/8/19 16:00,65.91,1/8/19 16:00,150.75,1/8/19 16:00,99.72,1/8/19 16:00,100.57,1/8/19 16:00,8.56
1/9/19 16:00,65.64,1/9/19 16:00,153.31,1/9/19 16:00,101.3,1/9/19 16:00,100.4,1/9/19 16:00,8.5
1/10/19 16:00,64.69,1/10/19 16:00,153.8,1/10/19 16:00,102.47,1/10/19 16:00,100.39,1/10/19 16:00,8.94
1/11/19 16:00,64.99,1/11/19 16:00,152.29,1/11/19 16:00,102.54,1/11/19 16:00,99.91,1/11/19 16:00,8.94
1/14/19 16:00,63.84,1/14/19 16:00,150,1/14/19 16:00,102.92,1/14/19 16:00,100.94,1/14/19 16:00,8.9
1/15/19 16:00,68.38,1/15/19 16:00,153.07,1/15/19 16:00,101.35,1/15/19 16:00,101.68,1/15/19 16:00,8.73
1/16/19 16:00,68.83,1/16/19 16:00,154.94,1/16/19 16:00,101.95,1/16/19 16:00,102.5,1/16/19 16:00,8.98
1/17/19 16:00,73.62,1/17/19 16:00,155.86,1/17/19 16:00,104.14,1/17/19 16:00,102.92,1/17/19 16:00,9.14
1/18/19 16:00,76.66,1/18/19 16:00,156.82,1/18/19 16:00,110.52,1/18/19 16:00,104.59,1/18/19 16:00,9.06
1/22/19 16:00,75.88,1/22/19 16:00,153.3,1/22/19 16:00,108.45,1/22/19 16:00,102.94,1/22/19 16:00,8.66
1/23/19 16:00,75.43,1/23/19 16:00,153.92,1/23/19 16:00,107.21,1/23/19 16:00,102.68,1/23/19 16:00,8.73
1/24/19 16:00,78.09,1/24/19 16:00,152.7,1/24/19 16:00,107.34,1/24/19 16:00,102.74,1/24/19 16:00,8.78
1/25/19 16:00,80.44,1/25/19 16:00,157.76,1/25/19 16:00,108.91,1/25/19 16:00,103.39,1/25/19 16:00,9.16
1/28/19 16:00,79.91,1/28/19 16:00,156.3,1/28/19 16:00,109.33,1/28/19 16:00,103.88,1/28/19 16:00,8.93
1/29/19 16:00,78.47,1/29/19 16:00,154.68,1/29/19 16:00,108.25,1/29/19 16:00,104.17,1/29/19 16:00,8.9
1/30/19 16:00,80.39,1/30/19 16:00,165.25,1/30/19 16:00,107.8,1/30/19 16:00,104.41,1/30/19 16:00,9.1
1/31/19 16:00,86.96,1/31/19 16:00,166.44,1/31/19 16:00,105.75,1/31/19 16:00,103.5,1/31/19 16:00,10.16
2/1/19 16:00,92,2/1/19 16:00,166.52,2/1/19 16:00,106.19,2/1/19 16:00,103.88,2/1/19 16:00,10.19
2/4/19 16:00,92.97,2/4/19 16:00,171.25,2/4/19 16:00,105.6,2/4/19 16:00,104.25,2/4/19 16:00,10.21
2/5/19 16:00,91.9,2/5/19 16:00,174.18,2/5/19 16:00,105.21,2/5/19 16:00,103.79,2/5/19 16:00,10.63
2/6/19 16:00,92.63,2/6/19 16:00,174.24,2/6/19 16:00,103.37,2/6/19 16:00,103.74,2/6/19 16:00,10.47
2/7/19 16:00,92.22,2/7/19 16:00,170.94,2/7/19 16:00,103.13,2/7/19 16:00,102.38,2/7/19 16:00,10.06
2/8/19 16:00,94.14,2/8/19 16:00,170.41,2/8/19 16:00,102.22,2/8/19 16:00,101.36,2/8/19 16:00,9.81
2/11/19 16:00,94.05,2/11/19 16:00,169.43,2/11/19 16:00,102.82,2/11/19 16:00,100.88,2/11/19 16:00,10.03
2/12/19 16:00,95.96,2/12/19 16:00,170.89,2/12/19 16:00,104.15,2/12/19 16:00,102.6,2/12/19 16:00,9.98
2/13/19 16:00,94.72,2/13/19 16:00,170.18,2/13/19 16:00,104.28,2/13/19 16:00,103.09,2/13/19 16:00,10.37
2/14/19 16:00,95.22,2/14/19 16:00,170.8,2/14/19 16:00,104.9,2/14/19 16:00,102.42,2/14/19 16:00,10.04
2/15/19 16:00,96.33,2/15/19 16:00,170.42,2/15/19 16:00,107.54,2/15/19 16:00,105.55,2/15/19 16:00,10.09
2/19/19 16:00,95.03,2/19/19 16:00,170.93,2/19/19 16:00,109.55,2/19/19 16:00,105.18,2/19/19 16:00,10.13
2/20/19 16:00,93.82,2/20/19 16:00,172.03,2/20/19 16:00,111.06,2/20/19 16:00,105.69,2/20/19 16:00,10.1
2/21/19 16:00,92.28,2/21/19 16:00,171.06,2/21/19 16:00,111.75,2/21/19 16:00,105.47,2/21/19 16:00,10.03
2/22/19 16:00,94.74,2/22/19 16:00,172.97,2/22/19 16:00,111.35,2/22/19 16:00,105,2/22/19 16:00,10.17
2/25/19 16:00,96.11,2/25/19 16:00,174.23,2/25/19 16:00,111.5,2/25/19 16:00,106.1,2/25/19 16:00,10.82
2/26/19 16:00,94.4,2/26/19 16:00,174.33,2/26/19 16:00,109.51,2/26/19 16:00,105.29,2/26/19 16:00,10.66
2/27/19 16:00,95.78,2/27/19 16:00,174.87,2/27/19 16:00,108.64,2/27/19 16:00,105.16,2/27/19 16:00,10.88
2/28/19 16:00,94.19,2/28/19 16:00,173.15,2/28/19 16:00,108.64,2/28/19 16:00,104.36,2/28/19 16:00,10.39
3/1/19 16:00,95.82,3/1/19 16:00,174.97,3/1/19 16:00,108.06,3/1/19 16:00,104.43,3/1/19 16:00,10.27
3/4/19 16:00,92.77,3/4/19 16:00,175.85,3/4/19 16:00,110.4,3/4/19 16:00,104.19,3/4/19 16:00,10.38
3/5/19 16:00,93.64,3/5/19 16:00,175.53,3/5/19 16:00,110.13,3/5/19 16:00,104.11,3/5/19 16:00,9.89
3/6/19 16:00,91.05,3/6/19 16:00,174.52,3/6/19 16:00,111.5,3/6/19 16:00,103.72,3/6/19 16:00,9.11
3/7/19 16:00,91.09,3/7/19 16:00,172.5,3/7/19 16:00,112.05,3/7/19 16:00,102.97,3/7/19 16:00,9.45
3/8/19 16:00,90.59,3/8/19 16:00,172.91,3/8/19 16:00,111.3,3/8/19 16:00,103.01,3/8/19 16:00,9.58
3/11/19 16:00,93.57,3/11/19 16:00,178.9,3/11/19 16:00,114.6,3/11/19 16:00,104.35,3/11/19 16:00,9.9
3/12/19 16:00,90.53,3/12/19 16:00,180.91,3/12/19 16:00,113.34,3/12/19 16:00,104.04,3/12/19 16:00,9.76
3/13/19 16:00,89.96,3/13/19 16:00,181.71,3/13/19 16:00,114.48,3/13/19 16:00,104.39,3/13/19 16:00,10.02
3/14/19 16:00,94.84,3/14/19 16:00,183.73,3/14/19 16:00,114.94,3/14/19 16:00,105.34,3/14/19 16:00,10.3
3/15/19 16:00,95.38,3/15/19 16:00,186.12,3/15/19 16:00,114.5,3/15/19 16:00,106.55,3/15/19 16:00,9.96
3/18/19 16:00,93.24,3/18/19 16:00,188.02,3/18/19 16:00,116.06,3/18/19 16:00,107.19,3/18/19 16:00,10.2
3/19/19 16:00,95.38,3/19/19 16:00,186.53,3/19/19 16:00,115.14,3/19/19 16:00,106.8,3/19/19 16:00,10.19
3/20/19 16:00,94.47,3/20/19 16:00,188.16,3/20/19 16:00,112.95,3/20/19 16:00,104.52,3/20/19 16:00,10.22
3/21/19 16:00,99.29,3/21/19 16:00,195.09,3/21/19 16:00,116.51,3/21/19 16:00,102.87,3/21/19 16:00,10.27
3/22/19 16:00,90.4,3/22/19 16:00,191.05,3/22/19 16:00,112.46,3/22/19 16:00,99.76,3/22/19 16:00,9.98
3/25/19 16:00,89.74,3/25/19 16:00,188.74,3/25/19 16:00,112.59,3/25/19 16:00,98.93,3/25/19 16:00,9.88
3/26/19 16:00,91.4,3/26/19 16:00,186.79,3/26/19 16:00,113.74,3/26/19 16:00,99.92,3/26/19 16:00,10.1
3/27/19 16:00,88.48,3/27/19 16:00,188.47,3/27/19 16:00,114.76,3/27/19 16:00,99.58,3/27/19 16:00,9.96
3/28/19 16:00,89.52,3/28/19 16:00,188.72,3/28/19 16:00,116.14,3/28/19 16:00,100.71,3/28/19 16:00,9.89
3/29/19 16:00,90.98,3/29/19 16:00,189.95,3/29/19 16:00,115.98,3/29/19 16:00,101.23,3/29/19 16:00,9.99
4/1/19 16:00,89.95,4/1/19 16:00,191.24,4/1/19 16:00,117.79,4/1/19 16:00,104.64,4/1/19 16:00,10.1
4/2/19 16:00,91.19,4/2/19 16:00,194.02,4/2/19 16:00,116.83,4/2/19 16:00,105.14,4/2/19 16:00,10.24
4/3/19 16:00,92.6,4/3/19 16:00,195.35,4/3/19 16:00,116.55,4/3/19 16:00,105.35,4/3/19 16:00,10.1
4/4/19 16:00,90.8,4/4/19 16:00,195.69,4/4/19 16:00,117.18,4/4/19 16:00,105.56,4/4/19 16:00,10.03
4/5/19 16:00,90.26,4/5/19 16:00,197,4/5/19 16:00,117.39,4/5/19 16:00,105.31,4/5/19 16:00,10.01
4/8/19 16:00,90.82,4/8/19 16:00,200.1,4/8/19 16:00,117.6,4/8/19 16:00,105.65,4/8/19 16:00,9.49
4/9/19 16:00,92.57,4/9/19 16:00,199.5,4/9/19 16:00,116.46,4/9/19 16:00,104.87,4/9/19 16:00,9.22
4/10/19 16:00,95.43,4/10/19 16:00,200.62,4/10/19 16:00,117.12,4/10/19 16:00,105.34,4/10/19 16:00,9.16
4/11/19 16:00,95.7,4/11/19 16:00,198.95,4/11/19 16:00,117.13,4/11/19 16:00,106.23,4/11/19 16:00,9.12
4/12/19 16:00,96.59,4/12/19 16:00,198.87,4/12/19 16:00,118.38,4/12/19 16:00,111.21,4/12/19 16:00,9
4/15/19 16:00,97.31,4/15/19 16:00,199.23,4/15/19 16:00,117.61,4/15/19 16:00,109.94,4/15/19 16:00,8.98
4/16/19 16:00,93.83,4/16/19 16:00,199.25,4/16/19 16:00,117.99,4/16/19 16:00,111.1,4/16/19 16:00,9.14
4/17/19 16:00,90.36,4/17/19 16:00,203.13,4/17/19 16:00,122.81,4/17/19 16:00,114.3,4/17/19 16:00,9.12
4/18/19 16:00,90.05,4/18/19 16:00,203.86,4/18/19 16:00,125.03,4/18/19 16:00,113.46,4/18/19 16:00,9.35
4/22/19 16:00,92.87,4/22/19 16:00,204.53,4/22/19 16:00,124.05,4/22/19 16:00,113.6,4/22/19 16:00,9.32
4/23/19 16:00,94.74,4/23/19 16:00,207.48,4/23/19 16:00,124.07,4/23/19 16:00,113.74,4/23/19 16:00,9.33
4/24/19 16:00,95.17,4/24/19 16:00,207.16,4/24/19 16:00,124.18,4/24/19 16:00,113.55,4/24/19 16:00,9.32
4/25/19 16:00,97.84,4/25/19 16:00,205.28,4/25/19 16:00,123.31,4/25/19 16:00,113.61,4/25/19 16:00,9.12
4/26/19 16:00,102.04,4/26/19 16:00,204.3,4/26/19 16:00,124.51,4/26/19 16:00,114.47,4/26/19 16:00,9.57
4/29/19 16:00,102.6,4/29/19 16:00,204.61,4/29/19 16:00,122.74,4/29/19 16:00,116.12,4/29/19 16:00,9.73
4/30/19 16:00,103.33,4/30/19 16:00,200.67,4/30/19 16:00,123.14,4/30/19 16:00,116.05,4/30/19 16:00,10.17
5/1/19 16:00,102.07,5/1/19 16:00,210.52,5/1/19 16:00,122.4,5/1/19 16:00,115.16,5/1/19 16:00,10.1
5/2/19 16:00,102.56,5/2/19 16:00,209.15,5/2/19 16:00,123.64,5/2/19 16:00,115.41,5/2/19 16:00,10.25
5/3/19 16:00,105.01,5/3/19 16:00,211.75,5/3/19 16:00,125.25,5/3/19 16:00,116.12,5/3/19 16:00,10.5
5/6/19 16:00,104.95,5/6/19 16:00,208.48,5/6/19 16:00,124.36,5/6/19 16:00,115.09,5/6/19 16:00,10.43
5/7/19 16:00,101.55,5/7/19 16:00,202.86,5/7/19 16:00,122.59,5/7/19 16:00,113.21,5/7/19 16:00,10.11
5/8/19 16:00,101.47,5/8/19 16:00,202.9,5/8/19 16:00,121.42,5/8/19 16:00,112.61,5/8/19 16:00,10.16
5/9/19 16:00,102.24,5/9/19 16:00,200.72,5/9/19 16:00,122.2,5/9/19 16:00,112.52,5/9/19 16:00,10.04
5/10/19 16:00,104.05,5/10/19 16:00,197.18,5/10/19 16:00,120.66,5/10/19 16:00,112.51,5/10/19 16:00,10.13
5/13/19 16:00,99.39,5/13/19 16:00,185.72,5/13/19 16:00,117.36,5/13/19 16:00,109.45,5/13/19 16:00,9.87
5/14/19 16:00,103.58,5/14/19 16:00,188.66,5/14/19 16:00,119.01,5/14/19 16:00,110.32,5/14/19 16:00,10.32
5/15/19 16:00,105.56,5/15/19 16:00,190.92,5/15/19 16:00,119.73,5/15/19 16:00,109.9,5/15/19 16:00,10.26
5/16/19 16:00,111.33,5/16/19 16:00,190.08,5/16/19 16:00,121.37,5/16/19 16:00,111.31,5/16/19 16:00,10.13
5/17/19 16:00,109.98,5/17/19 16:00,189,5/17/19 16:00,121.95,5/17/19 16:00,110.77,5/17/19 16:00,10
5/20/19 16:00,109.45,5/20/19 16:00,183.09,5/20/19 16:00,121.42,5/20/19 16:00,111.35,5/20/19 16:00,9.88
5/21/19 16:00,113.41,5/21/19 16:00,186.6,5/21/19 16:00,122.92,5/21/19 16:00,111.73,5/21/19 16:00,9.96
5/22/19 16:00,112.91,5/22/19 16:00,182.78,5/22/19 16:00,121.72,5/22/19 16:00,110.82,5/22/19 16:00,9.9
5/23/19 16:00,111.24,5/23/19 16:00,179.66,5/23/19 16:00,120.89,5/23/19 16:00,108.64,5/23/19 16:00,9.56
5/24/19 16:00,112.33,5/24/19 16:00,178.97,5/24/19 16:00,120.85,5/24/19 16:00,109.71,5/24/19 16:00,9.45
5/28/19 16:00,112.74,5/28/19 16:00,178.23,5/28/19 16:00,120.61,5/28/19 16:00,108.52,5/28/19 16:00,9.36
5/29/19 16:00,109.78,5/29/19 16:00,177.38,5/29/19 16:00,117.98,5/29/19 16:00,108.22,5/29/19 16:00,9.37
5/30/19 16:00,110.37,5/30/19 16:00,178.3,5/30/19 16:00,118.67,5/30/19 16:00,107.06,5/30/19 16:00,9.47
5/31/19 16:00,109.21,5/31/19 16:00,175.07,5/31/19 16:00,113.28,5/31/19 16:00,105.96,5/31/19 16:00,9.44
6/3/19 16:00,102.48,6/3/19 16:00,173.3,6/3/19 16:00,112.05,6/3/19 16:00,106.46,6/3/19 16:00,9.53
6/4/19 16:00,112.42,6/4/19 16:00,179.64,6/4/19 16:00,117.12,6/4/19 16:00,109.74,6/4/19 16:00,10
6/5/19 16:00,117.17,6/5/19 16:00,182.54,6/5/19 16:00,119.29,6/5/19 16:00,110.13,6/5/19 16:00,9.89
6/6/19 16:00,118.22,6/6/19 16:00,185.22,6/6/19 16:00,117.34,6/6/19 16:00,110.37,6/6/19 16:00,9.92
6/7/19 16:00,121.14,6/7/19 16:00,190.15,6/7/19 16:00,117.5,6/7/19 16:00,109.16,6/7/19 16:00,9.98
6/10/19 16:00,123.78,6/10/19 16:00,192.58,6/10/19 16:00,120.01,6/10/19 16:00,110.34,6/10/19 16:00,10.05
6/11/19 16:00,118.72,6/11/19 16:00,194.81,6/11/19 16:00,119.19,6/11/19 16:00,110.68,6/11/19 16:00,10.12
6/12/19 16:00,119.29,6/12/19 16:00,194.19,6/12/19 16:00,118.47,6/12/19 16:00,109.27,6/12/19 16:00,10.28
6/13/19 16:00,121.3,6/13/19 16:00,194.15,6/13/19 16:00,116.98,6/13/19 16:00,109.54,6/13/19 16:00,10.31
6/14/19 16:00,120.7,6/14/19 16:00,192.74,6/14/19 16:00,116.91,6/14/19 16:00,109.82,6/14/19 16:00,10.23
6/17/19 16:00,122.16,6/17/19 16:00,193.89,6/17/19 16:00,114.44,6/17/19 16:00,109.22,6/17/19 16:00,10.05
6/18/19 16:00,123,6/18/19 16:00,198.45,6/18/19 16:00,116.45,6/18/19 16:00,110.71,6/18/19 16:00,10.42
6/19/19 16:00,126.95,6/19/19 16:00,197.87,6/19/19 16:00,117.36,6/19/19 16:00,109.91,6/19/19 16:00,10.34
6/20/19 16:00,127.05,6/20/19 16:00,199.46,6/20/19 16:00,118.04,6/20/19 16:00,110.19,6/20/19 16:00,10.63
6/21/19 16:00,126.72,6/21/19 16:00,198.78,6/21/19 16:00,119.5,6/21/19 16:00,109.44,6/21/19 16:00,10.48
6/24/19 16:00,125.06,6/24/19 16:00,198.58,6/24/19 16:00,117.88,6/24/19 16:00,108.66,6/24/19 16:00,10.28
6/25/19 16:00,120.39,6/25/19 16:00,195.57,6/25/19 16:00,117.86,6/25/19 16:00,107.76,6/25/19 16:00,10.22
6/26/19 16:00,118.94,6/26/19 16:00,199.8,6/26/19 16:00,118.53,6/26/19 16:00,108.48,6/26/19 16:00,10.27
6/27/19 16:00,126.5,6/27/19 16:00,199.74,6/27/19 16:00,120.77,6/27/19 16:00,108.84,6/27/19 16:00,10.4
6/28/19 16:00,126.61,6/28/19 16:00,197.92,6/28/19 16:00,121.82,6/28/19 16:00,111.8,6/28/19 16:00,10.5
7/1/19 16:00,130.98,7/1/19 16:00,201.55,7/1/19 16:00,123.33,7/1/19 16:00,113.68,7/1/19 16:00,10.63
7/2/19 16:00,133.47,7/2/19 16:00,202.73,7/2/19 16:00,123.71,7/2/19 16:00,113.8,7/2/19 16:00,10.62
7/3/19 13:00,135.22,7/3/19 13:00,204.41,7/3/19 13:00,124.49,7/3/19 13:00,112.82,7/3/19 13:00,10.61
7/5/19 16:00,137.46,7/5/19 16:00,204.23,7/5/19 16:00,122.94,7/5/19 16:00,113.49,7/5/19 16:00,10.5
7/8/19 16:00,136.54,7/8/19 16:00,200.02,7/8/19 16:00,121.28,7/8/19 16:00,112.87,7/8/19 16:00,10.2
7/9/19 16:00,137.02,7/9/19 16:00,201.24,7/9/19 16:00,120.76,7/9/19 16:00,113.35,7/9/19 16:00,10.25
7/10/19 16:00,136.29,7/10/19 16:00,203.23,7/10/19 16:00,119.17,7/10/19 16:00,113.02,7/10/19 16:00,10.2
7/11/19 16:00,135.14,7/11/19 16:00,201.75,7/11/19 16:00,121.13,7/11/19 16:00,114.1,7/11/19 16:00,10.11
7/12/19 16:00,139.26,7/12/19 16:00,203.3,7/12/19 16:00,122.77,7/12/19 16:00,115.3,7/12/19 16:00,10.37
7/15/19 16:00,140.18,7/15/19 16:00,205.21,7/15/19 16:00,121.6,7/15/19 16:00,113.9,7/15/19 16:00,10.27
7/16/19 16:00,139.94,7/16/19 16:00,204.5,7/16/19 16:00,122.82,7/16/19 16:00,115.12,7/16/19 16:00,10.38
7/17/19 16:00,143.22,7/17/19 16:00,203.35,7/17/19 16:00,116.79,7/17/19 16:00,113.99,7/17/19 16:00,9.98
7/18/19 16:00,145.77,7/18/19 16:00,205.66,7/18/19 16:00,117.99,7/18/19 16:00,114.67,7/18/19 16:00,10.06
7/19/19 16:00,143.91,7/19/19 16:00,202.59,7/19/19 16:00,123.43,7/19/19 16:00,113.54,7/19/19 16:00,10.04
7/22/19 16:00,145.17,7/22/19 16:00,207.22,7/22/19 16:00,125.34,7/22/19 16:00,114.27,7/22/19 16:00,10.21
7/23/19 16:00,141.03,7/23/19 16:00,208.84,7/23/19 16:00,123.96,7/23/19 16:00,116.36,7/23/19 16:00,10.65
7/24/19 16:00,141.58,7/24/19 16:00,208.67,7/24/19 16:00,123.23,7/24/19 16:00,116.83,7/24/19 16:00,10.68
7/25/19 16:00,142.77,7/25/19 16:00,207.02,7/25/19 16:00,123.32,7/25/19 16:00,115.71,7/25/19 16:00,10.43
7/26/19 16:00,146.17,7/26/19 16:00,207.74,7/26/19 16:00,124.46,7/26/19 16:00,116.22,7/26/19 16:00,10.51
7/29/19 16:00,139.55,7/29/19 16:00,209.68,7/29/19 16:00,125,7/29/19 16:00,115.85,7/29/19 16:00,10.38
7/30/19 16:00,138.07,7/30/19 16:00,208.78,7/30/19 16:00,124.74,7/30/19 16:00,115.59,7/30/19 16:00,10.52
7/31/19 16:00,135.71,7/31/19 16:00,213.04,7/31/19 16:00,123.74,7/31/19 16:00,116,7/31/19 16:00,10.45
8/1/19 16:00,136.2,8/1/19 16:00,208.43,8/1/19 16:00,121.66,8/1/19 16:00,112.94,8/1/19 16:00,10.08
8/2/19 16:00,137.45,8/2/19 16:00,204.02,8/2/19 16:00,121.2,8/2/19 16:00,112.93,8/2/19 16:00,10
8/5/19 16:00,131.96,8/5/19 16:00,193.34,8/5/19 16:00,115.79,8/5/19 16:00,109.57,8/5/19 16:00,9.66
8/6/19 16:00,133.67,8/6/19 16:00,197,8/6/19 16:00,117.69,8/6/19 16:00,110.43,8/6/19 16:00,9.57
8/7/19 16:00,133.34,8/7/19 16:00,199.04,8/7/19 16:00,116.9,8/7/19 16:00,108.03,8/7/19 16:00,9.46
8/8/19 16:00,138.07,8/8/19 16:00,203.43,8/8/19 16:00,119.16,8/8/19 16:00,109.86,8/8/19 16:00,9.49
8/9/19 16:00,137.76,8/9/19 16:00,200.99,8/9/19 16:00,118.77,8/9/19 16:00,109.74,8/9/19 16:00,9.15
8/12/19 16:00,134.38,8/12/19 16:00,200.48,8/12/19 16:00,116.96,8/12/19 16:00,107.68,8/12/19 16:00,9.05
8/13/19 16:00,137.89,8/13/19 16:00,208.97,8/13/19 16:00,119.95,8/13/19 16:00,109.34,8/13/19 16:00,9.35
8/14/19 16:00,131.17,8/14/19 16:00,202.75,8/14/19 16:00,117.16,8/14/19 16:00,104.8,8/14/19 16:00,9.03
8/15/19 16:00,133.76,8/15/19 16:00,201.74,8/15/19 16:00,117.07,8/15/19 16:00,105.2,8/15/19 16:00,8.01
8/16/19 16:00,138.25,8/16/19 16:00,206.5,8/16/19 16:00,120.07,8/16/19 16:00,107.72,8/16/19 16:00,8.79
8/19/19 16:00,136.34,8/19/19 16:00,210.35,8/19/19 16:00,122.08,8/19/19 16:00,108.69,8/19/19 16:00,8.67
8/20/19 16:00,139.38,8/20/19 16:00,210.36,8/20/19 16:00,122.05,8/20/19 16:00,107.31,8/20/19 16:00,8.38
8/21/19 16:00,142.91,8/21/19 16:00,212.64,8/21/19 16:00,124.33,8/21/19 16:00,107.61,8/21/19 16:00,8.16
8/22/19 16:00,141.46,8/22/19 16:00,212.46,8/22/19 16:00,123.2,8/22/19 16:00,108.72,8/22/19 16:00,8.19
8/23/19 16:00,140.18,8/23/19 16:00,202.64,8/23/19 16:00,119.5,8/23/19 16:00,106.02,8/23/19 16:00,7.97
8/26/19 16:00,144.19,8/26/19 16:00,206.49,8/26/19 16:00,120.88,8/26/19 16:00,106.87,8/26/19 16:00,8.05
8/27/19 16:00,143.28,8/27/19 16:00,204.16,8/27/19 16:00,121.21,8/27/19 16:00,105.74,8/27/19 16:00,7.93
8/28/19 16:00,140.3,8/28/19 16:00,205.53,8/28/19 16:00,122.95,8/28/19 16:00,106.8,8/28/19 16:00,7.94
8/29/19 16:00,141.84,8/29/19 16:00,209.01,8/29/19 16:00,124.59,8/29/19 16:00,109.22,8/29/19 16:00,8.11
8/30/19 16:00,138.93,8/30/19 16:00,208.74,8/30/19 16:00,125.8,8/30/19 16:00,109.86,8/30/19 16:00,8.25
9/3/19 16:00,134.4,9/3/19 16:00,205.7,9/3/19 16:00,126.37,9/3/19 16:00,108.56,9/3/19 16:00,8.33
9/4/19 16:00,146.09,9/4/19 16:00,209.19,9/4/19 16:00,127.5,9/4/19 16:00,109.87,9/4/19 16:00,8.8
9/5/19 16:00,153.41,9/5/19 16:00,213.28,9/5/19 16:00,129.92,9/5/19 16:00,112.37,9/5/19 16:00,8.81
9/6/19 16:00,148.6,9/6/19 16:00,213.26,9/6/19 16:00,128.91,9/6/19 16:00,112.61,9/6/19 16:00,8.71
9/9/19 16:00,136.88,9/9/19 16:00,214.17,9/9/19 16:00,131.86,9/9/19 16:00,115.4,9/9/19 16:00,8.96
9/10/19 16:00,136.87,9/10/19 16:00,216.7,9/10/19 16:00,133.09,9/10/19 16:00,116.87,9/10/19 16:00,9.14
9/11/19 16:00,134.48,9/11/19 16:00,223.59,9/11/19 16:00,132.66,9/11/19 16:00,117.19,9/11/19 16:00,9.36
9/12/19 16:00,136.18,9/12/19 16:00,223.09,9/12/19 16:00,132.48,9/12/19 16:00,117.91,9/12/19 16:00,9.26
9/13/19 16:00,131.72,9/13/19 16:00,218.75,9/13/19 16:00,133.09,9/13/19 16:00,120.23,9/13/19 16:00,9.34
9/16/19 16:00,135.03,9/16/19 16:00,219.9,9/16/19 16:00,132.75,9/16/19 16:00,119.16,9/16/19 16:00,9.38
9/17/19 16:00,137.99,9/17/19 16:00,220.7,9/17/19 16:00,132,9/17/19 16:00,118.57,9/17/19 16:00,9.36
9/18/19 16:00,136.85,9/18/19 16:00,222.77,9/18/19 16:00,132.88,9/18/19 16:00,119.76,9/18/19 16:00,9.38
9/19/19 16:00,138.04,9/19/19 16:00,220.96,9/19/19 16:00,132.3,9/19/19 16:00,119.38,9/19/19 16:00,9.42
9/20/19 16:00,140.52,9/20/19 16:00,217.73,9/20/19 16:00,132.04,9/20/19 16:00,118.9,9/20/19 16:00,9.37
9/23/19 16:00,143.3,9/23/19 16:00,218.72,9/23/19 16:00,131.61,9/23/19 16:00,118.88,9/23/19 16:00,9.34
9/24/19 16:00,143.58,9/24/19 16:00,217.68,9/24/19 16:00,132.56,9/24/19 16:00,117.33,9/24/19 16:00,8.97
9/25/19 16:00,136.71,9/25/19 16:00,221.03,9/25/19 16:00,132.58,9/25/19 16:00,118,9/25/19 16:00,9.16
9/26/19 16:00,135.06,9/26/19 16:00,219.89,9/26/19 16:00,133.25,9/26/19 16:00,117.03,9/26/19 16:00,9.02
9/27/19 16:00,127.89,9/27/19 16:00,218.82,9/27/19 16:00,132.52,9/27/19 16:00,117.72,9/27/19 16:00,9.04
9/30/19 16:00,129.57,9/30/19 16:00,223.97,9/30/19 16:00,133.01,9/30/19 16:00,117.69,9/30/19 16:00,8.94
10/1/19 16:00,133.34,10/1/19 16:00,224.59,10/1/19 16:00,129.01,10/1/19 16:00,115.55,10/1/19 16:00,8.61
10/2/19 16:00,134.66,10/2/19 16:00,218.96,10/2/19 16:00,126.58,10/2/19 16:00,113.25,10/2/19 16:00,8.51
10/3/19 16:00,143.13,10/3/19 16:00,220.82,10/3/19 16:00,127.04,10/3/19 16:00,112.19,10/3/19 16:00,8.71
10/4/19 16:00,148.32,10/4/19 16:00,227.01,10/4/19 16:00,127.8,10/4/19 16:00,114.62,10/4/19 16:00,8.57
10/7/19 16:00,150.19,10/7/19 16:00,227.06,10/7/19 16:00,128.13,10/7/19 16:00,114.37,10/7/19 16:00,8.56
10/8/19 16:00,142.78,10/8/19 16:00,224.4,10/8/19 16:00,126.73,10/8/19 16:00,111.82,10/8/19 16:00,8.28
10/9/19 16:00,150.14,10/9/19 16:00,227.03,10/9/19 16:00,129.06,10/9/19 16:00,112.63,10/9/19 16:00,8.35
10/10/19 16:00,153.64,10/10/19 16:00,230.09,10/10/19 16:00,130.45,10/10/19 16:00,114.21,10/10/19 16:00,8.45
10/11/19 16:00,157.3,10/11/19 16:00,236.21,10/11/19 16:00,133.5,10/11/19 16:00,116.14,10/11/19 16:00,8.8
10/14/19 16:00,158.25,10/14/19 16:00,235.87,10/14/19 16:00,132,10/14/19 16:00,116.45,10/14/19 16:00,8.72
10/15/19 16:00,154.69,10/15/19 16:00,235.32,10/15/19 16:00,134.18,10/15/19 16:00,119.96,10/15/19 16:00,8.89
10/16/19 16:00,140.31,10/16/19 16:00,234.37,10/16/19 16:00,134.29,10/16/19 16:00,119.68,10/16/19 16:00,8.9
10/17/19 16:00,136.9,10/17/19 16:00,235.28,10/17/19 16:00,135.42,10/17/19 16:00,120.35,10/17/19 16:00,9.04
10/18/19 16:00,127.89,10/18/19 16:00,236.41,10/18/19 16:00,145.25,10/18/19 16:00,120.56,10/18/19 16:00,8.96
10/21/19 16:00,127.92,10/21/19 16:00,240.51,10/21/19 16:00,146.7,10/21/19 16:00,123.55,10/21/19 16:00,8.79
10/22/19 16:00,120.81,10/22/19 16:00,239.96,10/22/19 16:00,145.06,10/22/19 16:00,124.79,10/22/19 16:00,9.06
10/23/19 16:00,120.17,10/23/19 16:00,243.18,10/23/19 16:00,145.85,10/23/19 16:00,125.12,10/23/19 16:00,9.14
10/24/19 16:00,131.63,10/24/19 16:00,243.58,10/24/19 16:00,145.5,10/24/19 16:00,125.03,10/24/19 16:00,8.95
10/25/19 16:00,133.9,10/25/19 16:00,246.58,10/25/19 16:00,144.49,10/25/19 16:00,126.03,10/25/19 16:00,9
10/28/19 16:00,134.93,10/28/19 16:00,249.05,10/28/19 16:00,143.65,10/28/19 16:00,126.51,10/28/19 16:00,9.07
10/29/19 16:00,135.27,10/29/19 16:00,243.29,10/29/19 16:00,143.63,10/29/19 16:00,126.43,10/29/19 16:00,9.07
10/30/19 16:00,140.85,10/30/19 16:00,243.26,10/30/19 16:00,142.56,10/30/19 16:00,125.73,10/30/19 16:00,10.11
10/31/19 16:00,137.49,10/31/19 16:00,248.76,10/31/19 16:00,140.78,10/31/19 16:00,124.92,10/31/19 16:00,9.98
11/1/19 16:00,142.46,11/1/19 16:00,255.82,11/1/19 16:00,146.19,11/1/19 16:00,127.8,11/1/19 16:00,10.38
11/4/19 16:00,136.7,11/4/19 16:00,257.5,11/4/19 16:00,149.36,11/4/19 16:00,128.82,11/4/19 16:00,10.93
11/5/19 16:00,130.37,11/5/19 16:00,257.13,11/5/19 16:00,149.76,11/5/19 16:00,129.1,11/5/19 16:00,10.97
11/6/19 16:00,131.26,11/6/19 16:00,257.24,11/6/19 16:00,151.4,11/6/19 16:00,129.3,11/6/19 16:00,11.02
11/7/19 16:00,128.74,11/7/19 16:00,259.43,11/7/19 16:00,151.4,11/7/19 16:00,130,11/7/19 16:00,11.29
11/8/19 16:00,130.34,11/8/19 16:00,260.14,11/8/19 16:00,153.31,11/8/19 16:00,130.38,11/8/19 16:00,11.52
11/11/19 16:00,132.87,11/11/19 16:00,262.2,11/11/19 16:00,153.18,11/11/19 16:00,129.92,11/11/19 16:00,11.35
11/12/19 16:00,133.04,11/12/19 16:00,261.96,11/12/19 16:00,152.51,11/12/19 16:00,129.16,11/12/19 16:00,11.42
11/13/19 16:00,136,11/13/19 16:00,264.47,11/13/19 16:00,154.23,11/13/19 16:00,128.48,11/13/19 16:00,11.29
11/14/19 16:00,137.57,11/14/19 16:00,262.64,11/14/19 16:00,153.33,11/14/19 16:00,128.6,11/14/19 16:00,11.29
11/15/19 16:00,143.08,11/15/19 16:00,265.76,11/15/19 16:00,153.54,11/15/19 16:00,129.53,11/15/19 16:00,11.52
11/18/19 16:00,144.65,11/18/19 16:00,267.1,11/18/19 16:00,154.66,11/18/19 16:00,130.62,11/18/19 16:00,11.44
11/19/19 16:00,147.46,11/19/19 16:00,266.29,11/19/19 16:00,154.16,11/19/19 16:00,130.58,11/19/19 16:00,11.5
11/20/19 16:00,150.3,11/20/19 16:00,263.19,11/20/19 16:00,152,11/20/19 16:00,129.63,11/20/19 16:00,11.39
11/21/19 16:00,149.09,11/21/19 16:00,262.01,11/21/19 16:00,152.87,11/21/19 16:00,129.93,11/21/19 16:00,11.53
11/22/19 16:00,148.62,11/22/19 16:00,261.78,11/22/19 16:00,151.93,11/22/19 16:00,130.79,11/22/19 16:00,11.55
11/25/19 16:00,150.6,11/25/19 16:00,266.37,11/25/19 16:00,154.02,11/25/19 16:00,131.49,11/25/19 16:00,11.58
11/26/19 16:00,153.56,11/26/19 16:00,264.29,11/26/19 16:00,154.57,11/26/19 16:00,131.67,11/26/19 16:00,11.35
11/27/19 16:00,153.91,11/27/19 16:00,267.84,11/27/19 16:00,154.56,11/27/19 16:00,132.06,11/27/19 16:00,11.29
11/29/19 13:00,153.49,11/29/19 13:00,267.25,11/29/19 13:00,152.42,11/29/19 13:00,131.76,11/29/19 13:00,11.27
12/2/19 16:00,148.94,12/2/19 16:00,264.16,12/2/19 16:00,151.77,12/2/19 16:00,131.47,12/2/19 16:00,11.16
12/3/19 16:00,149.95,12/3/19 16:00,259.45,12/3/19 16:00,149.49,12/3/19 16:00,129.78,12/3/19 16:00,10.99
12/4/19 16:00,150.33,12/4/19 16:00,261.74,12/4/19 16:00,149.21,12/4/19 16:00,132.34,12/4/19 16:00,10.9
12/5/19 16:00,152.99,12/5/19 16:00,265.58,12/5/19 16:00,150.35,12/5/19 16:00,133.06,12/5/19 16:00,10.79
12/6/19 16:00,150.56,12/6/19 16:00,270.71,12/6/19 16:00,152.64,12/6/19 16:00,135.04,12/6/19 16:00,11.1
12/9/19 16:00,150.52,12/9/19 16:00,266.92,12/9/19 16:00,151.37,12/9/19 16:00,134.41,12/9/19 16:00,10.99
12/10/19 16:00,148.53,12/10/19 16:00,268.48,12/10/19 16:00,151.16,12/10/19 16:00,134.5,12/10/19 16:00,11.01
12/11/19 16:00,144.16,12/11/19 16:00,270.77,12/11/19 16:00,153.42,12/11/19 16:00,134.18,12/11/19 16:00,10.97
12/12/19 16:00,137.04,12/12/19 16:00,271.46,12/12/19 16:00,151.86,12/12/19 16:00,138.02,12/12/19 16:00,11.44
12/13/19 16:00,140.46,12/13/19 16:00,275.15,12/13/19 16:00,151.44,12/13/19 16:00,136.81,12/13/19 16:00,11.34
12/16/19 16:00,143.24,12/16/19 16:00,279.86,12/16/19 16:00,152.99,12/16/19 16:00,137.34,12/16/19 16:00,11.17
12/17/19 16:00,140.49,12/17/19 16:00,280.41,12/17/19 16:00,154.04,12/17/19 16:00,138.18,12/17/19 16:00,11.1
12/18/19 16:00,143.83,12/18/19 16:00,279.74,12/18/19 16:00,153.93,12/18/19 16:00,138.04,12/18/19 16:00,10.96
12/19/19 16:00,146.48,12/19/19 16:00,280.02,12/19/19 16:00,153.04,12/19/19 16:00,137.35,12/19/19 16:00,11.04
12/20/19 16:00,149.28,12/20/19 16:00,279.44,12/20/19 16:00,155.1,12/20/19 16:00,137.24,12/20/19 16:00,11.03
12/23/19 16:00,148.75,12/23/19 16:00,284,12/23/19 16:00,153.66,12/23/19 16:00,137.2,12/23/19 16:00,11.16
12/24/19 13:00,148.13,12/24/19 13:00,284.27,12/24/19 13:00,153.26,12/24/19 13:00,137.58,12/24/19 13:00,11.19
12/26/19 16:00,151.25,12/26/19 16:00,289.91,12/26/19 16:00,153.56,12/26/19 16:00,139.04,12/26/19 16:00,11.23
12/27/19 16:00,150.91,12/27/19 16:00,289.8,12/27/19 16:00,154.48,12/27/19 16:00,139.14,12/27/19 16:00,11.18
12/30/19 16:00,146.71,12/30/19 16:00,291.52,12/30/19 16:00,153.09,12/30/19 16:00,138.63,12/30/19 16:00,11.08